"Date & Time","use [kW]","gen [kW]","Register 1 [kW]","Register 2 [kW]","Register 3 [kW]","Register 4 [kW]","Register 5 [kW]","Register 6 [kW]","Register 7 [kW]","Register 8 [kW]","Register 9 [kW]","Register 10 [kW]","Register 11 [kW]","Register 12 [kW]","Solar [kW]"
2026-02-05 23:45:00,353.715782222,-0.391924444,33.543065556,25.366290000,34.752177778,40.471835556,15.345301111,32.126213333,34.251336667,16.308040000,24.333562222,35.716065556,30.898092222,30.603802222,-0.391924444
2026-02-05 23:30:00,354.091108889,-0.396241111,33.761554444,24.201246667,34.580837778,38.980202222,14.894887778,31.533295556,35.237291111,17.585413333,24.781690000,36.262765556,30.687450000,31.584474444,-0.396241111
2026-02-05 23:15:00,362.651680000,-0.400294444,34.493552222,24.393288889,35.341252222,40.157131111,15.881280000,31.860281111,36.396605556,18.826313333,25.809022222,36.130571111,31.548242222,31.814140000,-0.400294444
2026-02-05 23:00:00,373.675788889,-0.397486667,35.110985556,25.812905556,36.851147778,42.606664444,18.904032222,33.149947778,36.342083333,19.049204444,26.701856667,36.289595556,31.536030000,31.321335556,-0.397486667
2026-02-05 22:45:00,378.496417778,-0.389345556,32.965064444,24.432492222,34.945680000,47.831570000,23.581671111,32.388260000,38.898563333,19.712476667,26.357131111,35.468695556,31.271164444,30.643648889,-0.389345556
2026-02-05 22:30:00,389.017184444,-0.388891111,34.337444444,25.158476667,36.831974444,48.013617778,23.654980000,33.197967778,40.259014444,19.967755556,25.923285556,36.838227778,32.920414444,31.914025556,-0.388891111
2026-02-05 22:15:00,385.457250000,-0.392027778,33.737110000,24.907412222,36.628367778,46.545770000,23.347816667,32.909262222,40.773743333,20.619340000,25.815666667,35.987801111,32.585114444,31.599845556,-0.392027778
2026-02-05 22:00:00,393.397100000,-0.396577778,34.444451111,25.107590000,35.565082222,45.426847778,22.649228889,33.202345556,41.086827778,20.896090000,25.733792222,39.089741111,35.339546667,34.855556667,-0.396577778
2026-02-05 21:45:00,382.463116667,-0.405974444,34.123011111,25.061580000,35.465732222,45.684787778,22.716464444,33.784150000,40.834446667,20.408614444,26.104000000,35.853375556,31.490254444,30.936700000,-0.405974444
2026-02-05 21:30:00,393.180428889,-0.403775556,33.178018889,25.480328889,34.934484444,46.820110000,23.266374444,33.828721111,41.791177778,21.264492222,27.409688889,37.136651111,34.787766667,33.282614444,-0.403775556
2026-02-05 21:15:00,391.489965556,-0.411031111,33.109773333,24.508927778,34.756431111,47.366210000,23.422651111,33.862487778,40.060251111,20.094604444,26.011374444,39.042357778,35.307887778,33.947008889,-0.411031111
2026-02-05 21:00:00,386.085394444,-0.409523333,35.500455556,26.289496667,36.095688889,45.810626667,21.675364444,33.314561111,40.576950000,20.097736667,25.520055556,36.642183333,32.692981111,31.869294444,-0.409523333
2026-02-05 20:45:00,392.670431111,-0.410235556,35.659414444,27.888173333,36.410347778,45.720731111,22.278720000,33.880285556,41.416282222,20.993971111,25.760680000,38.003125556,32.246015556,32.412684444,-0.410235556
2026-02-05 20:30:00,386.878890000,-0.411154444,34.381101111,26.065954444,35.680733333,46.434623333,23.261582222,33.650261111,40.895017778,20.393122222,25.686502222,36.346515556,32.349213333,31.734263333,-0.411154444
2026-02-05 20:15:00,397.909158889,-0.414558889,33.879904444,25.833194444,36.335076667,51.040673333,27.027432222,37.181070000,40.300525556,19.822628889,25.801642222,36.467423333,32.284963333,31.934624444,-0.414558889
2026-02-05 20:00:00,392.464373333,-0.411307778,34.558257778,26.368616667,36.826802222,48.708053333,24.598494444,34.375435556,40.079672222,19.705725556,25.832077778,36.870007778,32.720764444,31.820465556,-0.411307778
2026-02-05 19:45:00,397.296208889,-0.404721111,35.261267778,26.751150000,36.993237778,47.654131111,24.043470000,34.264273333,40.519911111,20.269358889,25.906891111,37.981861111,34.439705556,33.210951111,-0.404721111
2026-02-05 19:30:00,409.191898889,-0.414246667,36.328230000,26.771967778,37.039411111,47.533363333,24.497342222,34.838146667,42.957172222,22.682960000,27.514743333,39.497688889,35.677064444,33.853808889,-0.414246667
2026-02-05 19:15:00,397.637506667,-0.416420000,37.823612222,28.176273333,36.951211111,45.894840000,23.301822222,35.020354444,43.020042222,22.181881111,27.154393333,35.916664444,31.623412222,30.573000000,-0.416420000
2026-02-05 19:00:00,399.615260000,-0.425481111,37.637084444,28.257017778,37.436613333,43.949702222,20.329413333,35.262645556,42.976181111,22.042896667,27.678656667,38.236360000,33.551350000,32.257338889,-0.425481111
2026-02-05 18:45:00,391.013973333,-0.429660000,36.275301111,27.359974444,36.634784444,43.238426667,19.020790000,35.518306667,41.629635556,21.159834444,26.854470000,38.222391111,33.213651111,31.886407778,-0.429660000
2026-02-05 18:30:00,397.225356667,-0.428764444,36.671577778,27.668156667,36.646881111,42.165673333,18.195874444,35.236892222,41.532201111,21.163287778,26.798850000,40.702705556,35.860541111,34.582715556,-0.428764444
2026-02-05 18:15:00,398.704678889,-0.365263333,38.662828889,27.801297778,37.043901111,41.371863333,17.848288889,34.871381111,42.620827778,22.050913333,27.088142222,40.032695556,35.282076667,34.030462222,-0.365263333
2026-02-05 18:00:00,350.153408889,0.526470000,34.951055556,22.149358889,32.089977778,38.594672222,15.048548889,32.084771111,39.077426667,18.145933333,22.896093333,36.169275556,29.618722222,29.327573333,0.526470000
2026-02-05 17:45:00,332.613475556,21.523588889,33.890665556,21.302446667,30.100891111,38.007592222,13.535345556,31.223176667,36.570181111,15.271767778,20.819123333,34.209755556,29.289558889,28.392971111,21.523588889
2026-02-05 17:30:00,335.563463333,42.535448889,32.711144444,19.296512222,29.201941111,43.104813333,17.218815556,36.409022222,35.876746667,13.079298889,19.389701111,33.150217778,29.074187778,27.051062222,42.535448889
2026-02-05 17:15:00,344.718042222,57.996796667,32.006046667,19.786865556,29.908244444,41.586000000,16.090263333,34.826570000,35.781358889,12.729221111,19.047877778,38.016408889,33.278324444,31.660861111,57.996796667
2026-02-05 17:00:00,344.610996667,71.158828889,32.082467778,20.726304444,30.716933333,39.382342222,14.150393333,33.363000000,37.317908889,14.324453333,19.735208889,38.266030000,33.319972222,31.225982222,71.158828889
2026-02-05 16:45:00,399.289427778,82.754103333,36.728682222,26.697144444,36.328415556,42.730924444,17.924906667,37.030308889,39.517675556,16.684678889,21.922865556,44.599448889,40.834146667,38.290230000,82.754103333
2026-02-05 16:30:00,388.586187778,92.257920000,36.111528889,26.703638889,36.016585556,43.241481111,18.340917778,36.978236667,38.641011111,15.767045556,21.898607778,41.778326667,38.076114444,35.032693333,92.257920000
2026-02-05 16:15:00,381.911906667,101.495040000,36.200505556,27.068984444,36.612825556,44.171142222,17.860836667,37.625783333,38.414365556,15.578882222,21.802995556,38.455474444,34.964032222,33.156078889,101.495040000
2026-02-05 16:00:00,388.613836667,109.370804444,37.687233333,27.443170000,36.605572222,44.115452222,18.462025556,38.377404444,38.730522222,16.011671111,22.225992222,38.812097778,36.768190000,33.374505556,109.370804444
2026-02-05 15:45:00,401.159904444,116.242802222,38.362773333,28.145980000,37.499653333,42.937003333,18.241650000,38.169124444,39.604461111,16.857663333,22.411193333,42.695141111,39.142391111,37.092870000,116.242802222
2026-02-05 15:30:00,407.699106667,120.534408889,38.680122222,28.211918889,38.166938889,43.230435556,18.805704444,38.383822222,40.079275556,17.443684444,22.518610000,43.397153333,40.392608889,38.388832222,120.534408889
2026-02-05 15:15:00,382.212374444,125.901736667,33.252152222,22.722797778,33.005753333,43.263365556,18.550410000,38.584185556,39.389766667,16.634172222,22.423228889,40.790195556,37.233011111,36.363335556,125.901736667
2026-02-05 15:00:00,390.743551111,131.706444444,32.746755556,22.346583333,31.895971111,47.160177778,22.055216667,41.432420000,38.948480000,16.310395556,22.475484444,40.615597778,38.392271111,36.364197778,131.706444444
2026-02-05 14:45:00,384.650732222,135.080687778,33.721491111,23.181143333,32.680466667,43.885786667,18.855605556,38.198501111,38.788575556,16.183684444,22.319583333,41.184456667,39.337213333,36.314224444,135.080687778
2026-02-05 14:30:00,385.103255556,137.759021111,34.192444444,23.860567778,32.723930000,42.414676667,18.488816667,37.420740000,39.368385556,16.771344444,22.339653333,41.279857778,39.263501111,36.979337778,137.759021111
2026-02-05 14:15:00,378.298008889,139.790096667,33.104002222,22.721035556,31.993426667,42.169212222,18.594054444,37.497032222,39.874321111,17.116895556,22.216421111,39.036544444,38.389623333,35.585440000,139.790096667
2026-02-05 14:00:00,392.386640000,142.144160000,32.517868889,23.087632222,32.835940000,43.102794444,18.666557778,38.374712222,39.506071111,16.675048889,22.219332222,43.326645556,42.532465556,39.541571111,142.144160000
2026-02-05 13:45:00,399.343017778,141.786451111,36.158734444,28.182686667,36.290861111,43.493608889,18.243200000,38.035218889,38.685804444,15.990572222,22.248663333,43.647180000,39.554546667,38.811941111,141.786451111
2026-02-05 13:30:00,387.157448889,141.696518889,36.679975556,26.583086667,36.710122222,43.590638889,18.225732222,38.032135556,38.741618889,16.012617778,22.269466667,39.172477778,35.777104444,35.362472222,141.696518889
2026-02-05 13:15:00,386.774362222,143.417423333,36.927308889,26.228664444,35.989208889,43.028461111,18.257333333,37.366571111,39.165363333,16.427606667,22.296258889,39.449568889,35.689726667,35.948290000,143.417423333
2026-02-05 13:00:00,394.313110000,141.539067778,36.715140000,26.451023333,35.851944444,43.462678889,18.620106667,38.670345556,39.810160000,16.879463333,22.164944444,41.158112222,37.268788889,37.260402222,141.539067778
2026-02-05 12:45:00,396.609643333,139.715546667,36.344354444,25.869030000,35.910401111,43.103766667,18.706237778,38.819643333,39.946716667,17.048422222,22.549324444,42.486411111,38.253717778,37.571617778,139.715546667
2026-02-05 12:30:00,392.752406667,137.591153333,35.459967778,26.271896667,35.889842222,44.908407778,19.453750000,39.926278889,38.996512222,16.246202222,22.507132222,39.408225556,38.053756667,35.630434444,137.591153333
2026-02-05 12:15:00,394.546752222,134.584245556,35.675881111,25.960742222,35.980288889,44.832036667,19.091156667,40.043495556,38.622083333,15.883951111,22.120983333,41.131398889,38.349826667,36.854907778,134.584245556
2026-02-05 12:00:00,401.548431111,130.814480000,36.039575556,25.866251111,35.944083333,43.665020000,18.958825556,38.983685556,38.938604444,16.050214444,21.904537778,44.313993333,40.768405556,40.115234444,130.814480000
2026-02-05 11:45:00,407.760491111,125.808533333,36.809355556,27.237443333,36.300374444,48.179352222,24.046518889,44.310500000,40.254452222,17.165578889,22.231561111,40.448432222,35.791206667,34.985715556,125.808533333
2026-02-05 11:30:00,408.348990000,119.952584444,35.678346667,26.053227778,36.181527778,49.772345556,25.608351111,45.648523333,39.895301111,17.071828889,22.061656667,39.132144444,36.424734444,34.821002222,119.952584444
2026-02-05 11:15:00,407.925334444,114.990488889,36.974405556,25.921170000,36.394313333,49.337902222,23.985320000,44.492817778,38.821495556,15.846493333,21.881897778,40.487273333,37.571815556,36.210430000,114.990488889
2026-02-05 11:00:00,396.091306667,108.458582222,36.427961111,25.813863333,36.533067778,44.977575556,18.764177778,40.408083333,38.817002222,15.633276667,21.869452222,41.283771111,38.549531111,37.013544444,108.458582222
2026-02-05 10:45:00,393.213998889,102.106776667,37.427371111,25.715044444,37.026117778,42.235091111,17.106673333,38.886043333,39.072920000,15.908693333,22.066110000,41.011342222,39.881307778,36.877284444,102.106776667
2026-02-05 10:30:00,411.854085556,94.226504444,36.653575556,25.798300000,36.564868889,42.756295556,17.811347778,39.516377778,40.011717778,16.931784444,22.788627778,47.349890000,43.987066667,41.684233333,94.226504444
2026-02-05 10:15:00,405.523213333,85.766486667,36.413433333,26.868296667,37.506826667,44.362700000,18.783696667,39.843934444,40.082082222,16.951964444,23.041728889,43.988762222,39.585468889,38.094318889,85.766486667
2026-02-05 10:00:00,392.313892222,76.593130000,34.756898889,25.724754444,35.556433333,44.557036667,19.282702222,39.718137778,38.879403333,15.962345556,22.237915556,41.142504444,38.115645556,36.380114444,76.593130000
2026-02-05 09:45:00,388.257336667,66.603594444,36.654865556,26.545012222,37.313323333,44.394952222,19.583971111,38.217650000,38.772198889,15.926922222,22.814945556,38.684674444,35.301677778,34.047143333,66.603594444
2026-02-05 09:30:00,406.068356667,55.488600000,39.860427778,28.143401111,37.717565556,45.115224444,20.935695556,39.851962222,38.723152222,16.085635556,22.194920000,41.813003333,38.589862222,37.037506667,55.488600000
2026-02-05 09:15:00,415.141302222,43.664914444,39.247523333,28.368942222,38.159516667,44.808764444,20.602496667,39.232660000,39.778810000,17.498028889,23.079288889,43.764225556,41.354304444,39.246741111,43.664914444
2026-02-05 09:00:00,398.731326667,32.902658889,37.639347778,26.806378889,37.824118889,43.530320000,18.703203333,37.993473333,38.702976667,16.476843333,21.738407778,42.111503333,39.908403333,37.296350000,32.902658889
2026-02-05 08:45:00,402.218162222,22.359827778,38.664761111,27.473155556,37.166504444,44.633813333,18.979547778,37.534306667,38.178772222,15.800538889,22.361845556,42.206055556,41.455215556,37.763645556,22.359827778
2026-02-05 08:30:00,393.924708889,12.479605556,38.660633333,27.582264444,37.451932222,42.831765556,18.503512222,36.981664444,37.806498889,15.357270000,22.102046667,40.530297778,39.251365556,36.865457778,12.479605556
2026-02-05 08:15:00,396.367265556,5.539410000,38.269116667,27.467945556,38.276842222,44.239884444,21.054932222,39.119907778,37.682212222,14.810163333,22.082082222,39.990656667,37.421362222,35.952160000,5.539410000
2026-02-05 08:00:00,393.139390000,2.959412222,37.661872222,26.861180000,39.220500000,42.716468889,20.043993333,37.450450000,38.828290000,15.754733333,22.346005556,39.566132222,36.953962222,35.735802222,2.959412222
2026-02-05 07:45:00,379.284554444,2.062907778,36.438647778,26.720754444,37.959803333,42.045235556,19.714211111,36.822565556,37.335048889,14.650755556,22.055873333,37.684640000,34.381821111,33.475197778,2.062907778
2026-02-05 07:30:00,368.739014444,0.975885556,35.121304444,25.555024444,35.674396667,41.452121111,18.605126667,34.732870000,36.846663333,15.344475556,23.561914444,36.656902222,32.841660000,32.346555556,0.975885556
2026-02-05 07:15:00,379.308763333,-0.255242222,37.279555556,27.032406667,36.994848889,40.588755556,17.925541111,34.403995556,36.564818889,15.275646667,22.923872222,39.338518889,36.384538889,34.596264444,-0.255242222
2026-02-05 07:00:00,386.337901111,-0.370338889,36.837186667,28.799687778,37.289648889,42.023361111,20.050584444,37.140164444,37.374216667,15.996490000,23.688254444,38.610783333,34.751097778,33.776425556,-0.370338889
2026-02-05 06:45:00,375.372927778,-0.394496667,33.828304444,26.063217778,35.421845556,40.717156667,18.149542222,35.312193333,38.242326667,16.772713333,23.636164444,38.448381111,34.554173333,34.226908889,-0.394496667
2026-02-05 06:30:00,371.867978889,-0.400187778,32.866465556,24.698857778,34.426983333,40.351610000,17.495181111,34.796361111,37.824593333,16.199342222,22.991451111,39.656615556,35.520397778,35.040120000,-0.400187778
2026-02-05 06:15:00,372.988117778,-0.381412222,33.412247778,24.565218889,34.008283333,41.776800000,17.661427778,34.758640000,37.525847778,15.676056667,23.791284444,39.375084444,35.539721111,34.897505556,-0.381412222
2026-02-05 06:00:00,360.551342222,-0.379462222,33.507468889,24.571524444,34.405551111,42.082701111,17.871927778,35.188924444,37.057928889,15.394038889,23.554163333,35.782736667,30.344866667,30.789510000,-0.379462222
2026-02-05 05:45:00,343.254004444,-0.380247778,34.702847778,25.638218889,36.487046667,38.549064444,15.436682222,31.489716667,35.380913333,13.055845556,20.778917778,33.979161111,27.937114444,29.818475556,-0.380247778
2026-02-05 05:30:00,351.388763333,-0.379660000,33.887673333,26.026958889,36.870933333,38.843982222,15.799253333,32.095865556,36.125941111,13.622958889,21.092695556,35.484567778,30.811323333,30.726610000,-0.379660000
2026-02-05 05:15:00,356.904051111,-0.378672222,33.498727778,24.885160000,36.374636667,39.018962222,15.661201111,32.078168889,35.936750000,13.679851111,20.741623333,37.568114444,33.872031111,33.588824444,-0.378672222
2026-02-05 05:00:00,350.380192222,-0.379330000,33.213085556,24.828690000,34.404810000,41.101917778,17.116207778,33.710703333,34.878294444,13.847073333,20.856766667,34.951288889,30.984357778,30.486996667,-0.379330000
2026-02-05 04:45:00,329.014255556,-0.377757778,35.759221111,26.292401111,35.245130000,40.939455556,16.738233333,32.812247778,31.616294444,9.967713333,17.019415556,30.658397778,25.763481111,26.202264444,-0.377757778
2026-02-05 04:30:00,319.947450000,-0.376470000,34.110375556,24.612728889,34.554346667,37.934333333,14.351528889,30.810391111,32.160820000,10.232706667,17.169898889,31.924537778,25.995930000,26.089852222,-0.376470000
2026-02-05 04:15:00,321.196817778,-0.379848889,32.703625556,24.250215556,34.159100000,38.111816667,14.572515556,30.699864444,32.713822222,11.075253333,17.528915556,31.524857778,26.776302222,27.080528889,-0.379848889
2026-02-05 04:00:00,316.150277778,-0.380894444,33.045105556,24.133911111,34.490046667,38.210533333,14.382402222,30.987213333,32.457118889,10.773987778,16.838604444,30.141294444,25.083843333,25.606216667,-0.380894444
2026-02-05 03:45:00,322.920694444,-0.383256667,33.414375556,24.512743333,34.507732222,39.599200000,14.692515556,31.270940000,31.738505556,10.159052222,17.634466667,31.654490000,26.637128889,27.099544444,-0.383256667
2026-02-05 03:30:00,322.344610000,-0.392981111,34.542150000,24.999698889,34.924047778,39.756193333,14.909640000,31.036907778,31.326283333,9.944258889,17.016921111,31.198595556,26.022462222,26.667451111,-0.392981111
2026-02-05 03:15:00,325.999620000,-0.392982222,35.738754444,26.290034444,36.033497778,38.915483333,14.832843333,31.200591111,31.529298889,10.127584444,17.126723333,31.345561111,26.272966667,26.586281111,-0.392982222
2026-02-05 03:00:00,321.949681111,-0.390555556,34.109142222,25.047128889,36.115291111,38.384484444,14.282452222,30.745954444,32.844092222,11.172338889,17.380631111,30.588870000,25.550780000,25.728515556,-0.390555556
2026-02-05 02:45:00,302.714283333,-0.388016667,30.354176667,21.280370000,32.455296667,38.760315556,14.903461111,31.173261111,32.365504444,10.772405556,16.595585556,28.173266667,22.779307778,23.101332222,-0.388016667
2026-02-05 02:30:00,304.928302222,-0.391443333,31.010924444,22.797374444,32.927085556,40.176825556,15.066440000,31.776504444,31.309850000,9.912974444,17.073617778,27.768496667,22.257663333,22.850545556,-0.391443333
2026-02-05 02:15:00,281.160486667,-0.388803333,28.712436667,17.929902222,28.592477778,38.050583333,11.832306667,29.359157778,31.212738889,9.792037778,16.589206667,26.796251111,20.656158889,21.637228889,-0.388803333
2026-02-05 02:00:00,281.908603333,-0.386035556,28.429062222,17.331908889,28.599351111,36.690861111,11.947518889,29.468330000,31.061821111,10.220862222,17.230882222,27.404090000,21.155648889,22.368266667,-0.386035556
2026-02-05 01:45:00,278.454975556,-0.384632222,27.608714444,16.590146667,28.144870000,35.729262222,10.550678889,28.058547778,32.124564444,11.024973333,16.662873333,27.602114444,21.705156667,22.653073333,-0.384632222
2026-02-05 01:30:00,280.295326667,-0.387652222,28.540748889,17.153662222,28.653496667,36.035042222,10.712330000,28.666038889,32.284658889,11.018440000,17.017015556,27.085065556,21.353608889,21.775218889,-0.387652222
2026-02-05 01:15:00,277.809254444,-0.385528889,28.093622222,17.362495556,28.632614444,37.107448889,11.018422222,28.423035556,31.183604444,10.042198889,16.880805556,26.938937778,20.612200000,21.513868889,-0.385528889
2026-02-05 01:00:00,281.214374444,-0.380126667,28.727954444,17.419908889,28.642008889,37.369516667,11.585166667,29.546195556,31.100872222,9.900183333,16.792593333,27.283340000,20.976350000,21.870284444,-0.380126667
2026-02-05 00:45:00,286.735088889,-0.379314444,28.387612222,17.499201111,28.463027778,36.483683333,11.359408889,29.139403333,31.418697778,10.215032222,17.143251111,28.692842222,23.687248889,24.245680000,-0.379314444
2026-02-05 00:30:00,281.842910000,-0.377373333,27.710924444,17.896756667,28.727100000,36.520725556,11.518873333,29.160964444,32.821864444,11.215484444,17.271095556,27.052683333,20.609692222,21.336745556,-0.377373333
2026-02-05 00:15:00,285.299313333,-0.380705556,27.863523333,18.246718889,28.536052222,36.089432222,11.043388889,29.164101111,32.960030000,11.334194444,17.069766667,28.958218889,21.731390000,22.302496667,-0.380705556
2026-02-05 00:00:00,274.433502222,-0.380777778,24.231665556,13.140702222,24.410528889,36.810370000,10.302412222,28.225617778,32.217824444,10.518765556,17.348360000,30.194072222,23.799535556,23.233647778,-0.380777778
